motion_type,target_scope,cascade_scheme,adaptive_filter,repeat_idx,trial_idx,objective_value,aae_bpm,accuracy_pct,best_so_far,success,reason,rff_seed,params
tiaosheng,motion_only,ACC3,lms,0,0,20.833333333333343,3.3090345594618054,79.16666666666666,20.833333333333343,True,,0,"{'Fs_Target': 50, 'TW': 10, 'Kstop': 0.5, 'max_order': 16, 'M_base': 1, 'C_scale': 0.6, 'K_max': 8, 'Spec_Penalty_Width': 0.3, 'Spec_Penalty_Weight': 0.2, 'smooth_win_len': 7, 'hr_range_hz': 0.25, 'slew_limit_bpm': 15, 'slew_step_bpm': 9, 'LMS_Mu_Base': 0.008, 'LMS_Mu_Min': 1e-06, 'adaptive_filter': 'lms', 'objective_mode': 'accuracy', 'alpha_u': 0.1, 'M2': 3, 'rff_D': 100, 'rff_sigma': 1.0, 'rff_seed': 0}"
tiaosheng,motion_only,ACC3,volterra,0,0,90.27777777777777,67.51168484157986,9.722222222222223,90.27777777777777,True,,0,"{'Fs_Target': 50, 'TW': 10, 'Kstop': 0.5, 'max_order': 16, 'M_base': 1, 'C_scale': 0.6, 'K_max': 8, 'Spec_Penalty_Width': 0.3, 'Spec_Penalty_Weight': 0.2, 'smooth_win_len': 7, 'hr_range_hz': 0.25, 'slew_limit_bpm': 15, 'slew_step_bpm': 9, 'LMS_Mu_Base': 0.008, 'LMS_Mu_Min': 1e-06, 'adaptive_filter': 'volterra', 'objective_mode': 'accuracy', 'alpha_u': 0.01, 'M2': 2, 'rff_D': 100, 'rff_sigma': 1.0, 'rff_seed': 0}"
tiaosheng,motion_only,ACC3,rff_lms,0,0,19.444444444444443,3.030368381076389,80.55555555555556,19.444444444444443,True,,806155127,"{'Fs_Target': 50, 'TW': 10, 'Kstop': 0.5, 'max_order': 16, 'M_base': 1, 'C_scale': 0.6, 'K_max': 8, 'Spec_Penalty_Width': 0.3, 'Spec_Penalty_Weight': 0.2, 'smooth_win_len': 7, 'hr_range_hz': 0.25, 'slew_limit_bpm': 15, 'slew_step_bpm': 9, 'LMS_Mu_Base': 0.006, 'LMS_Mu_Min': 1e-06, 'adaptive_filter': 'rff_lms', 'objective_mode': 'accuracy', 'alpha_u': 0.1, 'M2': 3, 'rff_D': 50, 'rff_sigma': 0.1, 'rff_seed': 806155127}"
tiaosheng,motion_only,HF2,lms,0,0,43.05555555555556,8.109598795572916,56.94444444444444,43.05555555555556,True,,0,"{'Fs_Target': 50, 'TW': 10, 'Kstop': 0.5, 'max_order': 16, 'M_base': 1, 'C_scale': 0.6, 'K_max': 8, 'Spec_Penalty_Width': 0.3, 'Spec_Penalty_Weight': 0.2, 'smooth_win_len': 7, 'hr_range_hz': 0.25, 'slew_limit_bpm': 15, 'slew_step_bpm': 9, 'LMS_Mu_Base': 0.008, 'LMS_Mu_Min': 1e-06, 'adaptive_filter': 'lms', 'objective_mode': 'accuracy', 'alpha_u': 0.1, 'M2': 3, 'rff_D': 100, 'rff_sigma': 1.0, 'rff_seed': 0}"
tiaosheng,motion_only,HF2,volterra,0,0,40.27777777777778,7.663079155815972,59.72222222222222,40.27777777777778,True,,0,"{'Fs_Target': 50, 'TW': 10, 'Kstop': 0.5, 'max_order': 16, 'M_base': 1, 'C_scale': 0.6, 'K_max': 8, 'Spec_Penalty_Width': 0.3, 'Spec_Penalty_Weight': 0.2, 'smooth_win_len': 7, 'hr_range_hz': 0.25, 'slew_limit_bpm': 15, 'slew_step_bpm': 9, 'LMS_Mu_Base': 0.008, 'LMS_Mu_Min': 1e-06, 'adaptive_filter': 'volterra', 'objective_mode': 'accuracy', 'alpha_u': 0.01, 'M2': 2, 'rff_D': 100, 'rff_sigma': 1.0, 'rff_seed': 0}"
tiaosheng,motion_only,HF2,rff_lms,0,0,20.833333333333343,3.091403537326389,79.16666666666666,20.833333333333343,True,,4053635228,"{'Fs_Target': 50, 'TW': 10, 'Kstop': 0.5, 'max_order': 16, 'M_base': 1, 'C_scale': 0.6, 'K_max': 8, 'Spec_Penalty_Width': 0.3, 'Spec_Penalty_Weight': 0.2, 'smooth_win_len': 7, 'hr_range_hz': 0.25, 'slew_limit_bpm': 15, 'slew_step_bpm': 9, 'LMS_Mu_Base': 0.006, 'LMS_Mu_Min': 1e-06, 'adaptive_filter': 'rff_lms', 'objective_mode': 'accuracy', 'alpha_u': 0.1, 'M2': 3, 'rff_D': 50, 'rff_sigma': 0.1, 'rff_seed': 4053635228}"
tiaosheng,motion_only,CF2,lms,0,0,43.05555555555556,24.38211398654514,56.94444444444444,43.05555555555556,True,,0,"{'Fs_Target': 50, 'TW': 10, 'Kstop': 0.5, 'max_order': 16, 'M_base': 1, 'C_scale': 0.6, 'K_max': 8, 'Spec_Penalty_Width': 0.3, 'Spec_Penalty_Weight': 0.2, 'smooth_win_len': 7, 'hr_range_hz': 0.25, 'slew_limit_bpm': 15, 'slew_step_bpm': 9, 'LMS_Mu_Base': 0.008, 'LMS_Mu_Min': 1e-06, 'adaptive_filter': 'lms', 'objective_mode': 'accuracy', 'alpha_u': 0.1, 'M2': 3, 'rff_D': 100, 'rff_sigma': 1.0, 'rff_seed': 0}"
tiaosheng,motion_only,CF2,volterra,0,0,84.72222222222223,64.69634331597223,15.277777777777779,84.72222222222223,True,,0,"{'Fs_Target': 50, 'TW': 10, 'Kstop': 0.5, 'max_order': 16, 'M_base': 1, 'C_scale': 0.6, 'K_max': 8, 'Spec_Penalty_Width': 0.3, 'Spec_Penalty_Weight': 0.2, 'smooth_win_len': 7, 'hr_range_hz': 0.25, 'slew_limit_bpm': 15, 'slew_step_bpm': 9, 'LMS_Mu_Base': 0.008, 'LMS_Mu_Min': 1e-06, 'adaptive_filter': 'volterra', 'objective_mode': 'accuracy', 'alpha_u': 0.01, 'M2': 2, 'rff_D': 100, 'rff_sigma': 1.0, 'rff_seed': 0}"
tiaosheng,motion_only,CF2,rff_lms,0,0,19.444444444444443,3.060885959201389,80.55555555555556,19.444444444444443,True,,2378512186,"{'Fs_Target': 50, 'TW': 10, 'Kstop': 0.5, 'max_order': 16, 'M_base': 1, 'C_scale': 0.6, 'K_max': 8, 'Spec_Penalty_Width': 0.3, 'Spec_Penalty_Weight': 0.2, 'smooth_win_len': 7, 'hr_range_hz': 0.25, 'slew_limit_bpm': 15, 'slew_step_bpm': 9, 'LMS_Mu_Base': 0.006, 'LMS_Mu_Min': 1e-06, 'adaptive_filter': 'rff_lms', 'objective_mode': 'accuracy', 'alpha_u': 0.1, 'M2': 3, 'rff_D': 50, 'rff_sigma': 0.1, 'rff_seed': 2378512186}"
tiaosheng,motion_only,HF2_CF2,lms,0,0,47.22222222222222,8.4752197265625,52.77777777777778,47.22222222222222,True,,0,"{'Fs_Target': 50, 'TW': 10, 'Kstop': 0.5, 'max_order': 16, 'M_base': 1, 'C_scale': 0.6, 'K_max': 8, 'Spec_Penalty_Width': 0.3, 'Spec_Penalty_Weight': 0.2, 'smooth_win_len': 7, 'hr_range_hz': 0.25, 'slew_limit_bpm': 15, 'slew_step_bpm': 9, 'LMS_Mu_Base': 0.008, 'LMS_Mu_Min': 1e-06, 'adaptive_filter': 'lms', 'objective_mode': 'accuracy', 'alpha_u': 0.1, 'M2': 3, 'rff_D': 100, 'rff_sigma': 1.0, 'rff_seed': 0}"
tiaosheng,motion_only,HF2_CF2,volterra,0,0,84.72222222222223,66.27562798394098,15.277777777777779,84.72222222222223,True,,0,"{'Fs_Target': 50, 'TW': 10, 'Kstop': 0.5, 'max_order': 16, 'M_base': 1, 'C_scale': 0.6, 'K_max': 8, 'Spec_Penalty_Width': 0.3, 'Spec_Penalty_Weight': 0.2, 'smooth_win_len': 7, 'hr_range_hz': 0.25, 'slew_limit_bpm': 15, 'slew_step_bpm': 9, 'LMS_Mu_Base': 0.008, 'LMS_Mu_Min': 1e-06, 'adaptive_filter': 'volterra', 'objective_mode': 'accuracy', 'alpha_u': 0.01, 'M2': 2, 'rff_D': 100, 'rff_sigma': 1.0, 'rff_seed': 0}"
tiaosheng,motion_only,HF2_CF2,rff_lms,0,0,20.833333333333343,3.091403537326389,79.16666666666666,20.833333333333343,True,,2066039262,"{'Fs_Target': 50, 'TW': 10, 'Kstop': 0.5, 'max_order': 16, 'M_base': 1, 'C_scale': 0.6, 'K_max': 8, 'Spec_Penalty_Width': 0.3, 'Spec_Penalty_Weight': 0.2, 'smooth_win_len': 7, 'hr_range_hz': 0.25, 'slew_limit_bpm': 15, 'slew_step_bpm': 9, 'LMS_Mu_Base': 0.006, 'LMS_Mu_Min': 1e-06, 'adaptive_filter': 'rff_lms', 'objective_mode': 'accuracy', 'alpha_u': 0.1, 'M2': 3, 'rff_D': 50, 'rff_sigma': 0.1, 'rff_seed': 2066039262}"
tiaosheng,motion_only,CF2_HF2,lms,0,0,41.666666666666664,26.444322374131943,58.333333333333336,41.666666666666664,True,,0,"{'Fs_Target': 50, 'TW': 10, 'Kstop': 0.5, 'max_order': 16, 'M_base': 1, 'C_scale': 0.6, 'K_max': 8, 'Spec_Penalty_Width': 0.3, 'Spec_Penalty_Weight': 0.2, 'smooth_win_len': 7, 'hr_range_hz': 0.25, 'slew_limit_bpm': 15, 'slew_step_bpm': 9, 'LMS_Mu_Base': 0.008, 'LMS_Mu_Min': 1e-06, 'adaptive_filter': 'lms', 'objective_mode': 'accuracy', 'alpha_u': 0.1, 'M2': 3, 'rff_D': 100, 'rff_sigma': 1.0, 'rff_seed': 0}"
tiaosheng,motion_only,CF2_HF2,volterra,0,0,90.27777777777777,70.29003228081598,9.722222222222223,90.27777777777777,True,,0,"{'Fs_Target': 50, 'TW': 10, 'Kstop': 0.5, 'max_order': 16, 'M_base': 1, 'C_scale': 0.6, 'K_max': 8, 'Spec_Penalty_Width': 0.3, 'Spec_Penalty_Weight': 0.2, 'smooth_win_len': 7, 'hr_range_hz': 0.25, 'slew_limit_bpm': 15, 'slew_step_bpm': 9, 'LMS_Mu_Base': 0.008, 'LMS_Mu_Min': 1e-06, 'adaptive_filter': 'volterra', 'objective_mode': 'accuracy', 'alpha_u': 0.01, 'M2': 2, 'rff_D': 100, 'rff_sigma': 1.0, 'rff_seed': 0}"
tiaosheng,motion_only,CF2_HF2,rff_lms,0,0,20.833333333333343,3.091403537326389,79.16666666666666,20.833333333333343,True,,2093963140,"{'Fs_Target': 50, 'TW': 10, 'Kstop': 0.5, 'max_order': 16, 'M_base': 1, 'C_scale': 0.6, 'K_max': 8, 'Spec_Penalty_Width': 0.3, 'Spec_Penalty_Weight': 0.2, 'smooth_win_len': 7, 'hr_range_hz': 0.25, 'slew_limit_bpm': 15, 'slew_step_bpm': 9, 'LMS_Mu_Base': 0.006, 'LMS_Mu_Min': 1e-06, 'adaptive_filter': 'rff_lms', 'objective_mode': 'accuracy', 'alpha_u': 0.1, 'M2': 3, 'rff_D': 50, 'rff_sigma': 0.1, 'rff_seed': 2093963140}"
tiaosheng,motion_only,ACC3_HF2,lms,0,0,40.27777777777778,10.779127332899305,59.72222222222222,40.27777777777778,True,,0,"{'Fs_Target': 50, 'TW': 10, 'Kstop': 0.5, 'max_order': 16, 'M_base': 1, 'C_scale': 0.6, 'K_max': 8, 'Spec_Penalty_Width': 0.3, 'Spec_Penalty_Weight': 0.2, 'smooth_win_len': 7, 'hr_range_hz': 0.25, 'slew_limit_bpm': 15, 'slew_step_bpm': 9, 'LMS_Mu_Base': 0.008, 'LMS_Mu_Min': 1e-06, 'adaptive_filter': 'lms', 'objective_mode': 'accuracy', 'alpha_u': 0.1, 'M2': 3, 'rff_D': 100, 'rff_sigma': 1.0, 'rff_seed': 0}"
tiaosheng,motion_only,ACC3_HF2,volterra,0,0,90.27777777777777,67.18995496961806,9.722222222222223,90.27777777777777,True,,0,"{'Fs_Target': 50, 'TW': 10, 'Kstop': 0.5, 'max_order': 16, 'M_base': 1, 'C_scale': 0.6, 'K_max': 8, 'Spec_Penalty_Width': 0.3, 'Spec_Penalty_Weight': 0.2, 'smooth_win_len': 7, 'hr_range_hz': 0.25, 'slew_limit_bpm': 15, 'slew_step_bpm': 9, 'LMS_Mu_Base': 0.008, 'LMS_Mu_Min': 1e-06, 'adaptive_filter': 'volterra', 'objective_mode': 'accuracy', 'alpha_u': 0.01, 'M2': 2, 'rff_D': 100, 'rff_sigma': 1.0, 'rff_seed': 0}"
tiaosheng,motion_only,ACC3_HF2,rff_lms,0,0,19.444444444444443,3.0100233289930554,80.55555555555556,19.444444444444443,True,,1280243397,"{'Fs_Target': 50, 'TW': 10, 'Kstop': 0.5, 'max_order': 16, 'M_base': 1, 'C_scale': 0.6, 'K_max': 8, 'Spec_Penalty_Width': 0.3, 'Spec_Penalty_Weight': 0.2, 'smooth_win_len': 7, 'hr_range_hz': 0.25, 'slew_limit_bpm': 15, 'slew_step_bpm': 9, 'LMS_Mu_Base': 0.006, 'LMS_Mu_Min': 1e-06, 'adaptive_filter': 'rff_lms', 'objective_mode': 'accuracy', 'alpha_u': 0.1, 'M2': 3, 'rff_D': 50, 'rff_sigma': 0.1, 'rff_seed': 1280243397}"
tiaosheng,motion_only,HF2_ACC3,lms,0,0,41.666666666666664,8.431816948784721,58.333333333333336,41.666666666666664,True,,0,"{'Fs_Target': 50, 'TW': 10, 'Kstop': 0.5, 'max_order': 16, 'M_base': 1, 'C_scale': 0.6, 'K_max': 8, 'Spec_Penalty_Width': 0.3, 'Spec_Penalty_Weight': 0.2, 'smooth_win_len': 7, 'hr_range_hz': 0.25, 'slew_limit_bpm': 15, 'slew_step_bpm': 9, 'LMS_Mu_Base': 0.008, 'LMS_Mu_Min': 1e-06, 'adaptive_filter': 'lms', 'objective_mode': 'accuracy', 'alpha_u': 0.1, 'M2': 3, 'rff_D': 100, 'rff_sigma': 1.0, 'rff_seed': 0}"
tiaosheng,motion_only,HF2_ACC3,volterra,0,0,90.27777777777777,67.75582546657986,9.722222222222223,90.27777777777777,True,,0,"{'Fs_Target': 50, 'TW': 10, 'Kstop': 0.5, 'max_order': 16, 'M_base': 1, 'C_scale': 0.6, 'K_max': 8, 'Spec_Penalty_Width': 0.3, 'Spec_Penalty_Weight': 0.2, 'smooth_win_len': 7, 'hr_range_hz': 0.25, 'slew_limit_bpm': 15, 'slew_step_bpm': 9, 'LMS_Mu_Base': 0.008, 'LMS_Mu_Min': 1e-06, 'adaptive_filter': 'volterra', 'objective_mode': 'accuracy', 'alpha_u': 0.01, 'M2': 2, 'rff_D': 100, 'rff_sigma': 1.0, 'rff_seed': 0}"
tiaosheng,motion_only,HF2_ACC3,rff_lms,0,0,20.833333333333343,3.0803087022569446,79.16666666666666,20.833333333333343,True,,2743427172,"{'Fs_Target': 50, 'TW': 10, 'Kstop': 0.5, 'max_order': 16, 'M_base': 1, 'C_scale': 0.6, 'K_max': 8, 'Spec_Penalty_Width': 0.3, 'Spec_Penalty_Weight': 0.2, 'smooth_win_len': 7, 'hr_range_hz': 0.25, 'slew_limit_bpm': 15, 'slew_step_bpm': 9, 'LMS_Mu_Base': 0.006, 'LMS_Mu_Min': 1e-06, 'adaptive_filter': 'rff_lms', 'objective_mode': 'accuracy', 'alpha_u': 0.1, 'M2': 3, 'rff_D': 50, 'rff_sigma': 0.1, 'rff_seed': 2743427172}"
tiaosheng,motion_recovery,ACC3,lms,0,0,34.0,4.339567057291666,66.0,34.0,True,,0,"{'Fs_Target': 50, 'TW': 10, 'Kstop': 0.5, 'max_order': 16, 'M_base': 1, 'C_scale': 0.6, 'K_max': 8, 'Spec_Penalty_Width': 0.3, 'Spec_Penalty_Weight': 0.2, 'smooth_win_len': 7, 'hr_range_hz': 0.25, 'slew_limit_bpm': 15, 'slew_step_bpm': 9, 'LMS_Mu_Base': 0.008, 'LMS_Mu_Min': 1e-06, 'adaptive_filter': 'lms', 'objective_mode': 'accuracy', 'alpha_u': 0.1, 'M2': 3, 'rff_D': 100, 'rff_sigma': 1.0, 'rff_seed': 0}"
tiaosheng,motion_recovery,ACC3,volterra,0,0,83.33333333333334,49.0966796875,16.666666666666664,83.33333333333334,True,,0,"{'Fs_Target': 50, 'TW': 10, 'Kstop': 0.5, 'max_order': 16, 'M_base': 1, 'C_scale': 0.6, 'K_max': 8, 'Spec_Penalty_Width': 0.3, 'Spec_Penalty_Weight': 0.2, 'smooth_win_len': 7, 'hr_range_hz': 0.25, 'slew_limit_bpm': 15, 'slew_step_bpm': 9, 'LMS_Mu_Base': 0.008, 'LMS_Mu_Min': 1e-06, 'adaptive_filter': 'volterra', 'objective_mode': 'accuracy', 'alpha_u': 0.01, 'M2': 2, 'rff_D': 100, 'rff_sigma': 1.0, 'rff_seed': 0}"
tiaosheng,motion_recovery,ACC3,rff_lms,0,0,37.33333333333333,4.343115234375,62.66666666666667,37.33333333333333,True,,3637250389,"{'Fs_Target': 50, 'TW': 10, 'Kstop': 0.5, 'max_order': 16, 'M_base': 1, 'C_scale': 0.6, 'K_max': 8, 'Spec_Penalty_Width': 0.3, 'Spec_Penalty_Weight': 0.2, 'smooth_win_len': 7, 'hr_range_hz': 0.25, 'slew_limit_bpm': 15, 'slew_step_bpm': 9, 'LMS_Mu_Base': 0.006, 'LMS_Mu_Min': 1e-06, 'adaptive_filter': 'rff_lms', 'objective_mode': 'accuracy', 'alpha_u': 0.1, 'M2': 3, 'rff_D': 50, 'rff_sigma': 0.1, 'rff_seed': 3637250389}"
tiaosheng,motion_recovery,HF2,lms,0,0,49.33333333333333,8.392659505208334,50.66666666666667,49.33333333333333,True,,0,"{'Fs_Target': 50, 'TW': 10, 'Kstop': 0.5, 'max_order': 16, 'M_base': 1, 'C_scale': 0.6, 'K_max': 8, 'Spec_Penalty_Width': 0.3, 'Spec_Penalty_Weight': 0.2, 'smooth_win_len': 7, 'hr_range_hz': 0.25, 'slew_limit_bpm': 15, 'slew_step_bpm': 9, 'LMS_Mu_Base': 0.008, 'LMS_Mu_Min': 1e-06, 'adaptive_filter': 'lms', 'objective_mode': 'accuracy', 'alpha_u': 0.1, 'M2': 3, 'rff_D': 100, 'rff_sigma': 1.0, 'rff_seed': 0}"
tiaosheng,motion_recovery,HF2,volterra,0,0,50.666666666666664,7.970810546875,49.333333333333336,50.666666666666664,True,,0,"{'Fs_Target': 50, 'TW': 10, 'Kstop': 0.5, 'max_order': 16, 'M_base': 1, 'C_scale': 0.6, 'K_max': 8, 'Spec_Penalty_Width': 0.3, 'Spec_Penalty_Weight': 0.2, 'smooth_win_len': 7, 'hr_range_hz': 0.25, 'slew_limit_bpm': 15, 'slew_step_bpm': 9, 'LMS_Mu_Base': 0.008, 'LMS_Mu_Min': 1e-06, 'adaptive_filter': 'volterra', 'objective_mode': 'accuracy', 'alpha_u': 0.01, 'M2': 2, 'rff_D': 100, 'rff_sigma': 1.0, 'rff_seed': 0}"
tiaosheng,motion_recovery,HF2,rff_lms,0,0,36.0,4.262692057291667,64.0,36.0,True,,1737357511,"{'Fs_Target': 50, 'TW': 10, 'Kstop': 0.5, 'max_order': 16, 'M_base': 1, 'C_scale': 0.6, 'K_max': 8, 'Spec_Penalty_Width': 0.3, 'Spec_Penalty_Weight': 0.2, 'smooth_win_len': 7, 'hr_range_hz': 0.25, 'slew_limit_bpm': 15, 'slew_step_bpm': 9, 'LMS_Mu_Base': 0.006, 'LMS_Mu_Min': 1e-06, 'adaptive_filter': 'rff_lms', 'objective_mode': 'accuracy', 'alpha_u': 0.1, 'M2': 3, 'rff_D': 50, 'rff_sigma': 0.1, 'rff_seed': 1737357511}"
tiaosheng,motion_recovery,CF2,lms,0,0,62.666666666666664,32.89155598958333,37.333333333333336,62.666666666666664,True,,0,"{'Fs_Target': 50, 'TW': 10, 'Kstop': 0.5, 'max_order': 16, 'M_base': 1, 'C_scale': 0.6, 'K_max': 8, 'Spec_Penalty_Width': 0.3, 'Spec_Penalty_Weight': 0.2, 'smooth_win_len': 7, 'hr_range_hz': 0.25, 'slew_limit_bpm': 15, 'slew_step_bpm': 9, 'LMS_Mu_Base': 0.008, 'LMS_Mu_Min': 1e-06, 'adaptive_filter': 'lms', 'objective_mode': 'accuracy', 'alpha_u': 0.1, 'M2': 3, 'rff_D': 100, 'rff_sigma': 1.0, 'rff_seed': 0}"
tiaosheng,motion_recovery,CF2,volterra,0,0,85.33333333333333,51.58564778645833,14.666666666666666,85.33333333333333,True,,0,"{'Fs_Target': 50, 'TW': 10, 'Kstop': 0.5, 'max_order': 16, 'M_base': 1, 'C_scale': 0.6, 'K_max': 8, 'Spec_Penalty_Width': 0.3, 'Spec_Penalty_Weight': 0.2, 'smooth_win_len': 7, 'hr_range_hz': 0.25, 'slew_limit_bpm': 15, 'slew_step_bpm': 9, 'LMS_Mu_Base': 0.008, 'LMS_Mu_Min': 1e-06, 'adaptive_filter': 'volterra', 'objective_mode': 'accuracy', 'alpha_u': 0.01, 'M2': 2, 'rff_D': 100, 'rff_sigma': 1.0, 'rff_seed': 0}"
tiaosheng,motion_recovery,CF2,rff_lms,0,0,36.0,4.171201171875,64.0,36.0,True,,3548491312,"{'Fs_Target': 50, 'TW': 10, 'Kstop': 0.5, 'max_order': 16, 'M_base': 1, 'C_scale': 0.6, 'K_max': 8, 'Spec_Penalty_Width': 0.3, 'Spec_Penalty_Weight': 0.2, 'smooth_win_len': 7, 'hr_range_hz': 0.25, 'slew_limit_bpm': 15, 'slew_step_bpm': 9, 'LMS_Mu_Base': 0.006, 'LMS_Mu_Min': 1e-06, 'adaptive_filter': 'rff_lms', 'objective_mode': 'accuracy', 'alpha_u': 0.1, 'M2': 3, 'rff_D': 50, 'rff_sigma': 0.1, 'rff_seed': 3548491312}"
tiaosheng,motion_recovery,HF2_CF2,lms,0,0,50.0,7.697796223958333,50.0,50.0,True,,0,"{'Fs_Target': 50, 'TW': 10, 'Kstop': 0.5, 'max_order': 16, 'M_base': 1, 'C_scale': 0.6, 'K_max': 8, 'Spec_Penalty_Width': 0.3, 'Spec_Penalty_Weight': 0.2, 'smooth_win_len': 7, 'hr_range_hz': 0.25, 'slew_limit_bpm': 15, 'slew_step_bpm': 9, 'LMS_Mu_Base': 0.008, 'LMS_Mu_Min': 1e-06, 'adaptive_filter': 'lms', 'objective_mode': 'accuracy', 'alpha_u': 0.1, 'M2': 3, 'rff_D': 100, 'rff_sigma': 1.0, 'rff_seed': 0}"
tiaosheng,motion_recovery,HF2_CF2,volterra,0,0,77.33333333333334,44.7583984375,22.666666666666664,77.33333333333334,True,,0,"{'Fs_Target': 50, 'TW': 10, 'Kstop': 0.5, 'max_order': 16, 'M_base': 1, 'C_scale': 0.6, 'K_max': 8, 'Spec_Penalty_Width': 0.3, 'Spec_Penalty_Weight': 0.2, 'smooth_win_len': 7, 'hr_range_hz': 0.25, 'slew_limit_bpm': 15, 'slew_step_bpm': 9, 'LMS_Mu_Base': 0.008, 'LMS_Mu_Min': 1e-06, 'adaptive_filter': 'volterra', 'objective_mode': 'accuracy', 'alpha_u': 0.01, 'M2': 2, 'rff_D': 100, 'rff_sigma': 1.0, 'rff_seed': 0}"
tiaosheng,motion_recovery,HF2_CF2,rff_lms,0,0,36.0,4.255367838541667,64.0,36.0,True,,4109942868,"{'Fs_Target': 50, 'TW': 10, 'Kstop': 0.5, 'max_order': 16, 'M_base': 1, 'C_scale': 0.6, 'K_max': 8, 'Spec_Penalty_Width': 0.3, 'Spec_Penalty_Weight': 0.2, 'smooth_win_len': 7, 'hr_range_hz': 0.25, 'slew_limit_bpm': 15, 'slew_step_bpm': 9, 'LMS_Mu_Base': 0.006, 'LMS_Mu_Min': 1e-06, 'adaptive_filter': 'rff_lms', 'objective_mode': 'accuracy', 'alpha_u': 0.1, 'M2': 3, 'rff_D': 50, 'rff_sigma': 0.1, 'rff_seed': 4109942868}"
tiaosheng,motion_recovery,CF2_HF2,lms,0,0,55.333333333333336,24.775113932291667,44.666666666666664,55.333333333333336,True,,0,"{'Fs_Target': 50, 'TW': 10, 'Kstop': 0.5, 'max_order': 16, 'M_base': 1, 'C_scale': 0.6, 'K_max': 8, 'Spec_Penalty_Width': 0.3, 'Spec_Penalty_Weight': 0.2, 'smooth_win_len': 7, 'hr_range_hz': 0.25, 'slew_limit_bpm': 15, 'slew_step_bpm': 9, 'LMS_Mu_Base': 0.008, 'LMS_Mu_Min': 1e-06, 'adaptive_filter': 'lms', 'objective_mode': 'accuracy', 'alpha_u': 0.1, 'M2': 3, 'rff_D': 100, 'rff_sigma': 1.0, 'rff_seed': 0}"
tiaosheng,motion_recovery,CF2_HF2,volterra,0,0,82.66666666666666,46.88306640625,17.333333333333336,82.66666666666666,True,,0,"{'Fs_Target': 50, 'TW': 10, 'Kstop': 0.5, 'max_order': 16, 'M_base': 1, 'C_scale': 0.6, 'K_max': 8, 'Spec_Penalty_Width': 0.3, 'Spec_Penalty_Weight': 0.2, 'smooth_win_len': 7, 'hr_range_hz': 0.25, 'slew_limit_bpm': 15, 'slew_step_bpm': 9, 'LMS_Mu_Base': 0.008, 'LMS_Mu_Min': 1e-06, 'adaptive_filter': 'volterra', 'objective_mode': 'accuracy', 'alpha_u': 0.01, 'M2': 2, 'rff_D': 100, 'rff_sigma': 1.0, 'rff_seed': 0}"
tiaosheng,motion_recovery,CF2_HF2,rff_lms,0,0,36.0,4.248043619791667,64.0,36.0,True,,2459855607,"{'Fs_Target': 50, 'TW': 10, 'Kstop': 0.5, 'max_order': 16, 'M_base': 1, 'C_scale': 0.6, 'K_max': 8, 'Spec_Penalty_Width': 0.3, 'Spec_Penalty_Weight': 0.2, 'smooth_win_len': 7, 'hr_range_hz': 0.25, 'slew_limit_bpm': 15, 'slew_step_bpm': 9, 'LMS_Mu_Base': 0.006, 'LMS_Mu_Min': 1e-06, 'adaptive_filter': 'rff_lms', 'objective_mode': 'accuracy', 'alpha_u': 0.1, 'M2': 3, 'rff_D': 50, 'rff_sigma': 0.1, 'rff_seed': 2459855607}"
tiaosheng,motion_recovery,ACC3_HF2,lms,0,0,50.0,9.733870442708334,50.0,50.0,True,,0,"{'Fs_Target': 50, 'TW': 10, 'Kstop': 0.5, 'max_order': 16, 'M_base': 1, 'C_scale': 0.6, 'K_max': 8, 'Spec_Penalty_Width': 0.3, 'Spec_Penalty_Weight': 0.2, 'smooth_win_len': 7, 'hr_range_hz': 0.25, 'slew_limit_bpm': 15, 'slew_step_bpm': 9, 'LMS_Mu_Base': 0.008, 'LMS_Mu_Min': 1e-06, 'adaptive_filter': 'lms', 'objective_mode': 'accuracy', 'alpha_u': 0.1, 'M2': 3, 'rff_D': 100, 'rff_sigma': 1.0, 'rff_seed': 0}"
tiaosheng,motion_recovery,ACC3_HF2,volterra,0,0,87.33333333333333,53.35219401041667,12.666666666666668,87.33333333333333,True,,0,"{'Fs_Target': 50, 'TW': 10, 'Kstop': 0.5, 'max_order': 16, 'M_base': 1, 'C_scale': 0.6, 'K_max': 8, 'Spec_Penalty_Width': 0.3, 'Spec_Penalty_Weight': 0.2, 'smooth_win_len': 7, 'hr_range_hz': 0.25, 'slew_limit_bpm': 15, 'slew_step_bpm': 9, 'LMS_Mu_Base': 0.008, 'LMS_Mu_Min': 1e-06, 'adaptive_filter': 'volterra', 'objective_mode': 'accuracy', 'alpha_u': 0.01, 'M2': 2, 'rff_D': 100, 'rff_sigma': 1.0, 'rff_seed': 0}"
tiaosheng,motion_recovery,ACC3_HF2,rff_lms,0,0,38.0,4.3768522135416665,62.0,38.0,True,,3279593937,"{'Fs_Target': 50, 'TW': 10, 'Kstop': 0.5, 'max_order': 16, 'M_base': 1, 'C_scale': 0.6, 'K_max': 8, 'Spec_Penalty_Width': 0.3, 'Spec_Penalty_Weight': 0.2, 'smooth_win_len': 7, 'hr_range_hz': 0.25, 'slew_limit_bpm': 15, 'slew_step_bpm': 9, 'LMS_Mu_Base': 0.006, 'LMS_Mu_Min': 1e-06, 'adaptive_filter': 'rff_lms', 'objective_mode': 'accuracy', 'alpha_u': 0.1, 'M2': 3, 'rff_D': 50, 'rff_sigma': 0.1, 'rff_seed': 3279593937}"
tiaosheng,motion_recovery,HF2_ACC3,lms,0,0,48.0,8.551009114583334,52.0,48.0,True,,0,"{'Fs_Target': 50, 'TW': 10, 'Kstop': 0.5, 'max_order': 16, 'M_base': 1, 'C_scale': 0.6, 'K_max': 8, 'Spec_Penalty_Width': 0.3, 'Spec_Penalty_Weight': 0.2, 'smooth_win_len': 7, 'hr_range_hz': 0.25, 'slew_limit_bpm': 15, 'slew_step_bpm': 9, 'LMS_Mu_Base': 0.008, 'LMS_Mu_Min': 1e-06, 'adaptive_filter': 'lms', 'objective_mode': 'accuracy', 'alpha_u': 0.1, 'M2': 3, 'rff_D': 100, 'rff_sigma': 1.0, 'rff_seed': 0}"
tiaosheng,motion_recovery,HF2_ACC3,volterra,0,0,86.0,53.55056966145833,14.000000000000002,86.0,True,,0,"{'Fs_Target': 50, 'TW': 10, 'Kstop': 0.5, 'max_order': 16, 'M_base': 1, 'C_scale': 0.6, 'K_max': 8, 'Spec_Penalty_Width': 0.3, 'Spec_Penalty_Weight': 0.2, 'smooth_win_len': 7, 'hr_range_hz': 0.25, 'slew_limit_bpm': 15, 'slew_step_bpm': 9, 'LMS_Mu_Base': 0.008, 'LMS_Mu_Min': 1e-06, 'adaptive_filter': 'volterra', 'objective_mode': 'accuracy', 'alpha_u': 0.01, 'M2': 2, 'rff_D': 100, 'rff_sigma': 1.0, 'rff_seed': 0}"
tiaosheng,motion_recovery,HF2_ACC3,rff_lms,0,0,37.33333333333333,4.347998046875,62.66666666666667,37.33333333333333,True,,1545926378,"{'Fs_Target': 50, 'TW': 10, 'Kstop': 0.5, 'max_order': 16, 'M_base': 1, 'C_scale': 0.6, 'K_max': 8, 'Spec_Penalty_Width': 0.3, 'Spec_Penalty_Weight': 0.2, 'smooth_win_len': 7, 'hr_range_hz': 0.25, 'slew_limit_bpm': 15, 'slew_step_bpm': 9, 'LMS_Mu_Base': 0.006, 'LMS_Mu_Min': 1e-06, 'adaptive_filter': 'rff_lms', 'objective_mode': 'accuracy', 'alpha_u': 0.1, 'M2': 3, 'rff_D': 50, 'rff_sigma': 0.1, 'rff_seed': 1545926378}"
tiaosheng,motion_post10,ACC3,lms,0,0,24.390243902439025,3.569865901295732,75.60975609756098,24.390243902439025,True,,0,"{'Fs_Target': 50, 'TW': 10, 'Kstop': 0.5, 'max_order': 16, 'M_base': 1, 'C_scale': 0.6, 'K_max': 8, 'Spec_Penalty_Width': 0.3, 'Spec_Penalty_Weight': 0.2, 'smooth_win_len': 7, 'hr_range_hz': 0.25, 'slew_limit_bpm': 15, 'slew_step_bpm': 9, 'LMS_Mu_Base': 0.008, 'LMS_Mu_Min': 1e-06, 'adaptive_filter': 'lms', 'objective_mode': 'accuracy', 'alpha_u': 0.1, 'M2': 3, 'rff_D': 100, 'rff_sigma': 1.0, 'rff_seed': 0}"
tiaosheng,motion_post10,ACC3,volterra,0,0,91.46341463414635,70.94157298018293,8.536585365853659,91.46341463414635,True,,0,"{'Fs_Target': 50, 'TW': 10, 'Kstop': 0.5, 'max_order': 16, 'M_base': 1, 'C_scale': 0.6, 'K_max': 8, 'Spec_Penalty_Width': 0.3, 'Spec_Penalty_Weight': 0.2, 'smooth_win_len': 7, 'hr_range_hz': 0.25, 'slew_limit_bpm': 15, 'slew_step_bpm': 9, 'LMS_Mu_Base': 0.008, 'LMS_Mu_Min': 1e-06, 'adaptive_filter': 'volterra', 'objective_mode': 'accuracy', 'alpha_u': 0.01, 'M2': 2, 'rff_D': 100, 'rff_sigma': 1.0, 'rff_seed': 0}"
tiaosheng,motion_post10,ACC3,rff_lms,0,0,24.390243902439025,3.3857421875,75.60975609756098,24.390243902439025,True,,2179611366,"{'Fs_Target': 50, 'TW': 10, 'Kstop': 0.5, 'max_order': 16, 'M_base': 1, 'C_scale': 0.6, 'K_max': 8, 'Spec_Penalty_Width': 0.3, 'Spec_Penalty_Weight': 0.2, 'smooth_win_len': 7, 'hr_range_hz': 0.25, 'slew_limit_bpm': 15, 'slew_step_bpm': 9, 'LMS_Mu_Base': 0.006, 'LMS_Mu_Min': 1e-06, 'adaptive_filter': 'rff_lms', 'objective_mode': 'accuracy', 'alpha_u': 0.1, 'M2': 3, 'rff_D': 50, 'rff_sigma': 0.1, 'rff_seed': 2179611366}"
tiaosheng,motion_post10,HF2,lms,0,0,50.0,10.948069502667684,50.0,50.0,True,,0,"{'Fs_Target': 50, 'TW': 10, 'Kstop': 0.5, 'max_order': 16, 'M_base': 1, 'C_scale': 0.6, 'K_max': 8, 'Spec_Penalty_Width': 0.3, 'Spec_Penalty_Weight': 0.2, 'smooth_win_len': 7, 'hr_range_hz': 0.25, 'slew_limit_bpm': 15, 'slew_step_bpm': 9, 'LMS_Mu_Base': 0.008, 'LMS_Mu_Min': 1e-06, 'adaptive_filter': 'lms', 'objective_mode': 'accuracy', 'alpha_u': 0.1, 'M2': 3, 'rff_D': 100, 'rff_sigma': 1.0, 'rff_seed': 0}"
tiaosheng,motion_post10,HF2,volterra,0,0,47.5609756097561,9.928532298018293,52.4390243902439,47.5609756097561,True,,0,"{'Fs_Target': 50, 'TW': 10, 'Kstop': 0.5, 'max_order': 16, 'M_base': 1, 'C_scale': 0.6, 'K_max': 8, 'Spec_Penalty_Width': 0.3, 'Spec_Penalty_Weight': 0.2, 'smooth_win_len': 7, 'hr_range_hz': 0.25, 'slew_limit_bpm': 15, 'slew_step_bpm': 9, 'LMS_Mu_Base': 0.008, 'LMS_Mu_Min': 1e-06, 'adaptive_filter': 'volterra', 'objective_mode': 'accuracy', 'alpha_u': 0.01, 'M2': 2, 'rff_D': 100, 'rff_sigma': 1.0, 'rff_seed': 0}"
tiaosheng,motion_post10,HF2,rff_lms,0,0,24.390243902439025,3.4088819550304876,75.60975609756098,24.390243902439025,True,,2889748104,"{'Fs_Target': 50, 'TW': 10, 'Kstop': 0.5, 'max_order': 16, 'M_base': 1, 'C_scale': 0.6, 'K_max': 8, 'Spec_Penalty_Width': 0.3, 'Spec_Penalty_Weight': 0.2, 'smooth_win_len': 7, 'hr_range_hz': 0.25, 'slew_limit_bpm': 15, 'slew_step_bpm': 9, 'LMS_Mu_Base': 0.006, 'LMS_Mu_Min': 1e-06, 'adaptive_filter': 'rff_lms', 'objective_mode': 'accuracy', 'alpha_u': 0.1, 'M2': 3, 'rff_D': 50, 'rff_sigma': 0.1, 'rff_seed': 2889748104}"
tiaosheng,motion_post10,CF2,lms,0,0,50.0,32.9310272961128,50.0,50.0,True,,0,"{'Fs_Target': 50, 'TW': 10, 'Kstop': 0.5, 'max_order': 16, 'M_base': 1, 'C_scale': 0.6, 'K_max': 8, 'Spec_Penalty_Width': 0.3, 'Spec_Penalty_Weight': 0.2, 'smooth_win_len': 7, 'hr_range_hz': 0.25, 'slew_limit_bpm': 15, 'slew_step_bpm': 9, 'LMS_Mu_Base': 0.008, 'LMS_Mu_Min': 1e-06, 'adaptive_filter': 'lms', 'objective_mode': 'accuracy', 'alpha_u': 0.1, 'M2': 3, 'rff_D': 100, 'rff_sigma': 1.0, 'rff_seed': 0}"
tiaosheng,motion_post10,CF2,volterra,0,0,86.58536585365853,67.9872391863567,13.414634146341465,86.58536585365853,True,,0,"{'Fs_Target': 50, 'TW': 10, 'Kstop': 0.5, 'max_order': 16, 'M_base': 1, 'C_scale': 0.6, 'K_max': 8, 'Spec_Penalty_Width': 0.3, 'Spec_Penalty_Weight': 0.2, 'smooth_win_len': 7, 'hr_range_hz': 0.25, 'slew_limit_bpm': 15, 'slew_step_bpm': 9, 'LMS_Mu_Base': 0.008, 'LMS_Mu_Min': 1e-06, 'adaptive_filter': 'volterra', 'objective_mode': 'accuracy', 'alpha_u': 0.01, 'M2': 2, 'rff_D': 100, 'rff_sigma': 1.0, 'rff_seed': 0}"
tiaosheng,motion_post10,CF2,rff_lms,0,0,23.170731707317074,3.3820860327743905,76.82926829268293,23.170731707317074,True,,3531759715,"{'Fs_Target': 50, 'TW': 10, 'Kstop': 0.5, 'max_order': 16, 'M_base': 1, 'C_scale': 0.6, 'K_max': 8, 'Spec_Penalty_Width': 0.3, 'Spec_Penalty_Weight': 0.2, 'smooth_win_len': 7, 'hr_range_hz': 0.25, 'slew_limit_bpm': 15, 'slew_step_bpm': 9, 'LMS_Mu_Base': 0.006, 'LMS_Mu_Min': 1e-06, 'adaptive_filter': 'rff_lms', 'objective_mode': 'accuracy', 'alpha_u': 0.1, 'M2': 3, 'rff_D': 50, 'rff_sigma': 0.1, 'rff_seed': 3531759715}"
tiaosheng,motion_post10,HF2_CF2,lms,0,0,53.65853658536585,9.692609089176829,46.34146341463415,53.65853658536585,True,,0,"{'Fs_Target': 50, 'TW': 10, 'Kstop': 0.5, 'max_order': 16, 'M_base': 1, 'C_scale': 0.6, 'K_max': 8, 'Spec_Penalty_Width': 0.3, 'Spec_Penalty_Weight': 0.2, 'smooth_win_len': 7, 'hr_range_hz': 0.25, 'slew_limit_bpm': 15, 'slew_step_bpm': 9, 'LMS_Mu_Base': 0.008, 'LMS_Mu_Min': 1e-06, 'adaptive_filter': 'lms', 'objective_mode': 'accuracy', 'alpha_u': 0.1, 'M2': 3, 'rff_D': 100, 'rff_sigma': 1.0, 'rff_seed': 0}"
tiaosheng,motion_post10,HF2_CF2,volterra,0,0,86.58536585365853,68.54772056021342,13.414634146341465,86.58536585365853,True,,0,"{'Fs_Target': 50, 'TW': 10, 'Kstop': 0.5, 'max_order': 16, 'M_base': 1, 'C_scale': 0.6, 'K_max': 8, 'Spec_Penalty_Width': 0.3, 'Spec_Penalty_Weight': 0.2, 'smooth_win_len': 7, 'hr_range_hz': 0.25, 'slew_limit_bpm': 15, 'slew_step_bpm': 9, 'LMS_Mu_Base': 0.008, 'LMS_Mu_Min': 1e-06, 'adaptive_filter': 'volterra', 'objective_mode': 'accuracy', 'alpha_u': 0.01, 'M2': 2, 'rff_D': 100, 'rff_sigma': 1.0, 'rff_seed': 0}"
tiaosheng,motion_post10,HF2_CF2,rff_lms,0,0,24.390243902439025,3.4044159679878048,75.60975609756098,24.390243902439025,True,,2867888346,"{'Fs_Target': 50, 'TW': 10, 'Kstop': 0.5, 'max_order': 16, 'M_base': 1, 'C_scale': 0.6, 'K_max': 8, 'Spec_Penalty_Width': 0.3, 'Spec_Penalty_Weight': 0.2, 'smooth_win_len': 7, 'hr_range_hz': 0.25, 'slew_limit_bpm': 15, 'slew_step_bpm': 9, 'LMS_Mu_Base': 0.006, 'LMS_Mu_Min': 1e-06, 'adaptive_filter': 'rff_lms', 'objective_mode': 'accuracy', 'alpha_u': 0.1, 'M2': 3, 'rff_D': 50, 'rff_sigma': 0.1, 'rff_seed': 2867888346}"
tiaosheng,motion_post10,CF2_HF2,lms,0,0,48.78048780487805,33.5828232183689,51.21951219512195,48.78048780487805,True,,0,"{'Fs_Target': 50, 'TW': 10, 'Kstop': 0.5, 'max_order': 16, 'M_base': 1, 'C_scale': 0.6, 'K_max': 8, 'Spec_Penalty_Width': 0.3, 'Spec_Penalty_Weight': 0.2, 'smooth_win_len': 7, 'hr_range_hz': 0.25, 'slew_limit_bpm': 15, 'slew_step_bpm': 9, 'LMS_Mu_Base': 0.008, 'LMS_Mu_Min': 1e-06, 'adaptive_filter': 'lms', 'objective_mode': 'accuracy', 'alpha_u': 0.1, 'M2': 3, 'rff_D': 100, 'rff_sigma': 1.0, 'rff_seed': 0}"
tiaosheng,motion_post10,CF2_HF2,volterra,0,0,91.46341463414635,72.22440691692073,8.536585365853659,91.46341463414635,True,,0,"{'Fs_Target': 50, 'TW': 10, 'Kstop': 0.5, 'max_order': 16, 'M_base': 1, 'C_scale': 0.6, 'K_max': 8, 'Spec_Penalty_Width': 0.3, 'Spec_Penalty_Weight': 0.2, 'smooth_win_len': 7, 'hr_range_hz': 0.25, 'slew_limit_bpm': 15, 'slew_step_bpm': 9, 'LMS_Mu_Base': 0.008, 'LMS_Mu_Min': 1e-06, 'adaptive_filter': 'volterra', 'objective_mode': 'accuracy', 'alpha_u': 0.01, 'M2': 2, 'rff_D': 100, 'rff_sigma': 1.0, 'rff_seed': 0}"
tiaosheng,motion_post10,CF2_HF2,rff_lms,0,0,24.390243902439025,3.417813929115854,75.60975609756098,24.390243902439025,True,,131488650,"{'Fs_Target': 50, 'TW': 10, 'Kstop': 0.5, 'max_order': 16, 'M_base': 1, 'C_scale': 0.6, 'K_max': 8, 'Spec_Penalty_Width': 0.3, 'Spec_Penalty_Weight': 0.2, 'smooth_win_len': 7, 'hr_range_hz': 0.25, 'slew_limit_bpm': 15, 'slew_step_bpm': 9, 'LMS_Mu_Base': 0.006, 'LMS_Mu_Min': 1e-06, 'adaptive_filter': 'rff_lms', 'objective_mode': 'accuracy', 'alpha_u': 0.1, 'M2': 3, 'rff_D': 50, 'rff_sigma': 0.1, 'rff_seed': 131488650}"
tiaosheng,motion_post10,ACC3_HF2,lms,0,0,47.5609756097561,13.187095083841463,52.4390243902439,47.5609756097561,True,,0,"{'Fs_Target': 50, 'TW': 10, 'Kstop': 0.5, 'max_order': 16, 'M_base': 1, 'C_scale': 0.6, 'K_max': 8, 'Spec_Penalty_Width': 0.3, 'Spec_Penalty_Weight': 0.2, 'smooth_win_len': 7, 'hr_range_hz': 0.25, 'slew_limit_bpm': 15, 'slew_step_bpm': 9, 'LMS_Mu_Base': 0.008, 'LMS_Mu_Min': 1e-06, 'adaptive_filter': 'lms', 'objective_mode': 'accuracy', 'alpha_u': 0.1, 'M2': 3, 'rff_D': 100, 'rff_sigma': 1.0, 'rff_seed': 0}"
tiaosheng,motion_post10,ACC3_HF2,volterra,0,0,91.46341463414635,70.0740341558689,8.536585365853659,91.46341463414635,True,,0,"{'Fs_Target': 50, 'TW': 10, 'Kstop': 0.5, 'max_order': 16, 'M_base': 1, 'C_scale': 0.6, 'K_max': 8, 'Spec_Penalty_Width': 0.3, 'Spec_Penalty_Weight': 0.2, 'smooth_win_len': 7, 'hr_range_hz': 0.25, 'slew_limit_bpm': 15, 'slew_step_bpm': 9, 'LMS_Mu_Base': 0.008, 'LMS_Mu_Min': 1e-06, 'adaptive_filter': 'volterra', 'objective_mode': 'accuracy', 'alpha_u': 0.01, 'M2': 2, 'rff_D': 100, 'rff_sigma': 1.0, 'rff_seed': 0}"
tiaosheng,motion_post10,ACC3_HF2,rff_lms,0,0,23.170731707317074,3.3463581364329267,76.82926829268293,23.170731707317074,True,,107005683,"{'Fs_Target': 50, 'TW': 10, 'Kstop': 0.5, 'max_order': 16, 'M_base': 1, 'C_scale': 0.6, 'K_max': 8, 'Spec_Penalty_Width': 0.3, 'Spec_Penalty_Weight': 0.2, 'smooth_win_len': 7, 'hr_range_hz': 0.25, 'slew_limit_bpm': 15, 'slew_step_bpm': 9, 'LMS_Mu_Base': 0.006, 'LMS_Mu_Min': 1e-06, 'adaptive_filter': 'rff_lms', 'objective_mode': 'accuracy', 'alpha_u': 0.1, 'M2': 3, 'rff_D': 50, 'rff_sigma': 0.1, 'rff_seed': 107005683}"
tiaosheng,motion_post10,HF2_ACC3,lms,0,0,48.78048780487805,11.24215772675305,51.21951219512195,48.78048780487805,True,,0,"{'Fs_Target': 50, 'TW': 10, 'Kstop': 0.5, 'max_order': 16, 'M_base': 1, 'C_scale': 0.6, 'K_max': 8, 'Spec_Penalty_Width': 0.3, 'Spec_Penalty_Weight': 0.2, 'smooth_win_len': 7, 'hr_range_hz': 0.25, 'slew_limit_bpm': 15, 'slew_step_bpm': 9, 'LMS_Mu_Base': 0.008, 'LMS_Mu_Min': 1e-06, 'adaptive_filter': 'lms', 'objective_mode': 'accuracy', 'alpha_u': 0.1, 'M2': 3, 'rff_D': 100, 'rff_sigma': 1.0, 'rff_seed': 0}"
tiaosheng,motion_post10,HF2_ACC3,volterra,0,0,91.46341463414635,70.2180830792683,8.536585365853659,91.46341463414635,True,,0,"{'Fs_Target': 50, 'TW': 10, 'Kstop': 0.5, 'max_order': 16, 'M_base': 1, 'C_scale': 0.6, 'K_max': 8, 'Spec_Penalty_Width': 0.3, 'Spec_Penalty_Weight': 0.2, 'smooth_win_len': 7, 'hr_range_hz': 0.25, 'slew_limit_bpm': 15, 'slew_step_bpm': 9, 'LMS_Mu_Base': 0.008, 'LMS_Mu_Min': 1e-06, 'adaptive_filter': 'volterra', 'objective_mode': 'accuracy', 'alpha_u': 0.01, 'M2': 2, 'rff_D': 100, 'rff_sigma': 1.0, 'rff_seed': 0}"
tiaosheng,motion_post10,HF2_ACC3,rff_lms,0,0,24.390243902439025,3.403606135670732,75.60975609756098,24.390243902439025,True,,3435383086,"{'Fs_Target': 50, 'TW': 10, 'Kstop': 0.5, 'max_order': 16, 'M_base': 1, 'C_scale': 0.6, 'K_max': 8, 'Spec_Penalty_Width': 0.3, 'Spec_Penalty_Weight': 0.2, 'smooth_win_len': 7, 'hr_range_hz': 0.25, 'slew_limit_bpm': 15, 'slew_step_bpm': 9, 'LMS_Mu_Base': 0.006, 'LMS_Mu_Min': 1e-06, 'adaptive_filter': 'rff_lms', 'objective_mode': 'accuracy', 'alpha_u': 0.1, 'M2': 3, 'rff_D': 50, 'rff_sigma': 0.1, 'rff_seed': 3435383086}"
