motion_type,target_scope,cascade_scheme,adaptive_filter,objective_mode,data_split_mode,n_trials,n_repeats,best_repeat_idx,best_trial_idx,success,reason,train_aae_bpm,train_accuracy_pct,train_baseline_aae_bpm,train_baseline_accuracy_pct,train_num_windows,val_aae_bpm,val_accuracy_pct,val_baseline_aae_bpm,val_baseline_accuracy_pct,val_num_windows,test_aae_bpm,test_accuracy_pct,test_baseline_aae_bpm,test_baseline_accuracy_pct,test_num_windows,Fs_Target,TW,Kstop,max_order,M_base,C_scale,K_max,Spec_Penalty_Width,Spec_Penalty_Weight,smooth_win_len,hr_range_hz,slew_limit_bpm,slew_step_bpm,LMS_Mu_Base,LMS_Mu_Min,alpha_u,M2,rff_D,rff_sigma,rff_seed
tiaosheng,motion_only,ACC3,volterra,accuracy,split,1,1,0,0,True,,8.807403564453125,32.8125,14.503707885742188,20.3125,64,67.51168484157986,9.722222222222223,5.127224392361111,66.66666666666666,72,12.812995256696428,21.428571428571427,50.929896763392854,20.0,70,50,10,0.5,16,1,0.6,8,0.3,0.2,7,0.25,15,9,0.008,1e-06,0.01,2,100,1.0,0
tiaosheng,motion_only,HF2,volterra,accuracy,split,1,1,0,0,True,,10.022544860839844,31.25,14.503707885742188,20.3125,64,7.663079155815972,59.72222222222222,5.127224392361111,66.66666666666666,72,46.525390625,11.428571428571429,50.929896763392854,20.0,70,50,10,0.5,16,1,0.6,8,0.3,0.2,7,0.25,15,9,0.008,1e-06,0.01,2,100,1.0,0
tiaosheng,motion_only,CF2,volterra,accuracy,split,1,1,0,0,True,,9.782722473144531,17.1875,14.503707885742188,20.3125,64,64.69634331597223,15.277777777777779,5.127224392361111,66.66666666666666,72,48.599741908482144,17.142857142857142,50.929896763392854,20.0,70,50,10,0.5,16,1,0.6,8,0.3,0.2,7,0.25,15,9,0.008,1e-06,0.01,2,100,1.0,0
tiaosheng,motion_only,HF2_CF2,volterra,accuracy,split,1,1,0,0,True,,8.858299255371094,29.6875,14.503707885742188,20.3125,64,66.27562798394098,15.277777777777779,5.127224392361111,66.66666666666666,72,50.68096400669643,5.714285714285714,50.929896763392854,20.0,70,50,10,0.5,16,1,0.6,8,0.3,0.2,7,0.25,15,9,0.008,1e-06,0.01,2,100,1.0,0
tiaosheng,motion_only,CF2_HF2,volterra,accuracy,split,1,1,0,0,True,,69.03081512451172,10.9375,14.503707885742188,20.3125,64,70.29003228081598,9.722222222222223,5.127224392361111,66.66666666666666,72,55.1251953125,10.0,50.929896763392854,20.0,70,50,10,0.5,16,1,0.6,8,0.3,0.2,7,0.25,15,9,0.008,1e-06,0.01,2,100,1.0,0
tiaosheng,motion_only,ACC3_HF2,volterra,accuracy,split,1,1,0,0,True,,65.99526977539062,3.125,14.503707885742188,20.3125,64,67.18995496961806,9.722222222222223,5.127224392361111,66.66666666666666,72,12.023416573660715,20.0,50.929896763392854,20.0,70,50,10,0.5,16,1,0.6,8,0.3,0.2,7,0.25,15,9,0.008,1e-06,0.01,2,100,1.0,0
tiaosheng,motion_only,HF2_ACC3,volterra,accuracy,split,1,1,0,0,True,,59.869483947753906,7.8125,14.503707885742188,20.3125,64,67.75582546657986,9.722222222222223,5.127224392361111,66.66666666666666,72,13.796923828125,27.142857142857142,50.929896763392854,20.0,70,50,10,0.5,16,1,0.6,8,0.3,0.2,7,0.25,15,9,0.008,1e-06,0.01,2,100,1.0,0
tiaosheng,motion_recovery,ACC3,volterra,accuracy,split,1,1,0,0,True,,8.149300353167808,36.986301369863014,10.985498715753424,27.397260273972602,146,49.0966796875,16.666666666666664,5.391959635416667,57.333333333333336,150,27.042457833195364,19.867549668874172,44.25849156663907,23.841059602649008,151,50,10,0.5,16,1,0.6,8,0.3,0.2,7,0.25,15,9,0.008,1e-06,0.01,2,100,1.0,0
tiaosheng,motion_recovery,HF2,volterra,accuracy,split,1,1,0,0,True,,8.786089335402398,32.87671232876712,10.985498715753424,27.397260273972602,146,7.970810546875,49.333333333333336,5.391959635416667,57.333333333333336,150,26.369085652938743,21.85430463576159,44.25849156663907,23.841059602649008,151,50,10,0.5,16,1,0.6,8,0.3,0.2,7,0.25,15,9,0.008,1e-06,0.01,2,100,1.0,0
tiaosheng,motion_recovery,CF2,volterra,accuracy,split,1,1,0,0,True,,8.799831442636986,27.397260273972602,10.985498715753424,27.397260273972602,146,51.58564778645833,14.666666666666666,5.391959635416667,57.333333333333336,150,34.594134804428805,22.516556291390728,44.25849156663907,23.841059602649008,151,50,10,0.5,16,1,0.6,8,0.3,0.2,7,0.25,15,9,0.008,1e-06,0.01,2,100,1.0,0
tiaosheng,motion_recovery,HF2_CF2,volterra,accuracy,split,1,1,0,0,True,,8.787965539383562,27.397260273972602,10.985498715753424,27.397260273972602,146,44.7583984375,22.666666666666664,5.391959635416667,57.333333333333336,150,32.87686905008278,17.218543046357617,44.25849156663907,23.841059602649008,151,50,10,0.5,16,1,0.6,8,0.3,0.2,7,0.25,15,9,0.008,1e-06,0.01,2,100,1.0,0
tiaosheng,motion_recovery,CF2_HF2,volterra,accuracy,split,1,1,0,0,True,,47.937192315924655,17.123287671232877,10.985498715753424,27.397260273972602,146,46.88306640625,17.333333333333336,5.391959635416667,57.333333333333336,150,34.877690397350996,19.205298013245034,44.25849156663907,23.841059602649008,151,50,10,0.5,16,1,0.6,8,0.3,0.2,7,0.25,15,9,0.008,1e-06,0.01,2,100,1.0,0
tiaosheng,motion_recovery,ACC3_HF2,volterra,accuracy,split,1,1,0,0,True,,61.10353234696062,5.47945205479452,10.985498715753424,27.397260273972602,146,53.35219401041667,12.666666666666668,5.391959635416667,57.333333333333336,150,21.742281275869207,18.543046357615893,44.25849156663907,23.841059602649008,151,50,10,0.5,16,1,0.6,8,0.3,0.2,7,0.25,15,9,0.008,1e-06,0.01,2,100,1.0,0
tiaosheng,motion_recovery,HF2_ACC3,volterra,accuracy,split,1,1,0,0,True,,58.598853542380134,10.273972602739725,10.985498715753424,27.397260273972602,146,53.55056966145833,14.000000000000002,5.391959635416667,57.333333333333336,150,23.084650507036425,23.178807947019866,44.25849156663907,23.841059602649008,151,50,10,0.5,16,1,0.6,8,0.3,0.2,7,0.25,15,9,0.008,1e-06,0.01,2,100,1.0,0
tiaosheng,motion_post10,ACC3,volterra,accuracy,split,1,1,0,0,True,,8.66775100295608,28.37837837837838,13.769966744087839,17.56756756756757,74,70.94157298018293,8.536585365853659,5.216606326219512,64.63414634146342,82,21.39439697265625,18.75,55.95289306640625,17.5,80,50,10,0.5,16,1,0.6,8,0.3,0.2,7,0.25,15,9,0.008,1e-06,0.01,2,100,1.0,0
tiaosheng,motion_post10,HF2,volterra,accuracy,split,1,1,0,0,True,,9.90426388302365,27.027027027027028,13.769966744087839,17.56756756756757,74,9.928532298018293,52.4390243902439,5.216606326219512,64.63414634146342,82,41.506597900390624,15.0,55.95289306640625,17.5,80,50,10,0.5,16,1,0.6,8,0.3,0.2,7,0.25,15,9,0.008,1e-06,0.01,2,100,1.0,0
tiaosheng,motion_post10,CF2,volterra,accuracy,split,1,1,0,0,True,,9.721593908361486,13.513513513513514,13.769966744087839,17.56756756756757,74,67.9872391863567,13.414634146341465,5.216606326219512,64.63414634146342,82,54.07193603515625,15.0,55.95289306640625,17.5,80,50,10,0.5,16,1,0.6,8,0.3,0.2,7,0.25,15,9,0.008,1e-06,0.01,2,100,1.0,0
tiaosheng,motion_post10,HF2_CF2,volterra,accuracy,split,1,1,0,0,True,,8.899823163006756,24.324324324324326,13.769966744087839,17.56756756756757,74,68.54772056021342,13.414634146341465,5.216606326219512,64.63414634146342,82,53.720916748046875,5.0,55.95289306640625,17.5,80,50,10,0.5,16,1,0.6,8,0.3,0.2,7,0.25,15,9,0.008,1e-06,0.01,2,100,1.0,0
tiaosheng,motion_post10,CF2_HF2,volterra,accuracy,split,1,1,0,0,True,,73.52323294974663,9.45945945945946,13.769966744087839,17.56756756756757,74,72.22440691692073,8.536585365853659,5.216606326219512,64.63414634146342,82,57.44482421875,8.75,55.95289306640625,17.5,80,50,10,0.5,16,1,0.6,8,0.3,0.2,7,0.25,15,9,0.008,1e-06,0.01,2,100,1.0,0
tiaosheng,motion_post10,ACC3_HF2,volterra,accuracy,split,1,1,0,0,True,,70.84593406883445,2.7027027027027026,13.769966744087839,17.56756756756757,74,70.0740341558689,8.536585365853659,5.216606326219512,64.63414634146342,82,20.6028076171875,17.5,55.95289306640625,17.5,80,50,10,0.5,16,1,0.6,8,0.3,0.2,7,0.25,15,9,0.008,1e-06,0.01,2,100,1.0,0
tiaosheng,motion_post10,HF2_ACC3,volterra,accuracy,split,1,1,0,0,True,,65.44155801309121,6.756756756756757,13.769966744087839,17.56756756756757,74,70.2180830792683,8.536585365853659,5.216606326219512,64.63414634146342,82,23.06099853515625,23.75,55.95289306640625,17.5,80,50,10,0.5,16,1,0.6,8,0.3,0.2,7,0.25,15,9,0.008,1e-06,0.01,2,100,1.0,0
