split,group_id,target_scope,cascade_scheme,adaptive_filter,success,reason,baseline_aae_bpm,adaptive_aae_bpm,baseline_acc_pct,adaptive_acc_pct
train,tiaosheng3,motion_only,ACC3,lms,True,,14.503707885742188,66.37831115722656,20.3125,4.6875
val,tiaosheng2,motion_only,ACC3,lms,True,,5.127224392361111,3.3090345594618054,66.66666666666666,79.16666666666666
test,tiaosheng1,motion_only,ACC3,lms,True,,50.929896763392854,53.77024274553571,20.0,10.0
train,tiaosheng3,motion_only,ACC3,volterra,True,,14.503707885742188,8.807403564453125,20.3125,32.8125
val,tiaosheng2,motion_only,ACC3,volterra,True,,5.127224392361111,67.51168484157986,66.66666666666666,9.722222222222223
test,tiaosheng1,motion_only,ACC3,volterra,True,,50.929896763392854,12.812995256696428,20.0,21.428571428571427
train,tiaosheng3,motion_only,ACC3,rff_lms,True,,14.503707885742188,10.309478759765625,20.3125,20.3125
val,tiaosheng2,motion_only,ACC3,rff_lms,True,,5.127224392361111,3.030368381076389,66.66666666666666,80.55555555555556
test,tiaosheng1,motion_only,ACC3,rff_lms,True,,50.929896763392854,50.757254464285715,20.0,18.571428571428573
train,tiaosheng3,motion_only,HF2,lms,True,,14.503707885742188,10.3209228515625,20.3125,28.125
val,tiaosheng2,motion_only,HF2,lms,True,,5.127224392361111,8.109598795572916,66.66666666666666,56.94444444444444
test,tiaosheng1,motion_only,HF2,lms,True,,50.929896763392854,53.71154436383929,20.0,15.714285714285714
train,tiaosheng3,motion_only,HF2,volterra,True,,14.503707885742188,10.022544860839844,20.3125,31.25
val,tiaosheng2,motion_only,HF2,volterra,True,,5.127224392361111,7.663079155815972,66.66666666666666,59.72222222222222
test,tiaosheng1,motion_only,HF2,volterra,True,,50.929896763392854,46.525390625,20.0,11.428571428571429
train,tiaosheng3,motion_only,HF2,rff_lms,True,,14.503707885742188,11.379501342773438,20.3125,28.125
val,tiaosheng2,motion_only,HF2,rff_lms,True,,5.127224392361111,3.091403537326389,66.66666666666666,79.16666666666666
test,tiaosheng1,motion_only,HF2,rff_lms,True,,50.929896763392854,46.535365513392854,20.0,18.571428571428573
train,tiaosheng3,motion_only,CF2,lms,True,,14.503707885742188,9.534469604492188,20.3125,25.0
val,tiaosheng2,motion_only,CF2,lms,True,,5.127224392361111,24.38211398654514,66.66666666666666,56.94444444444444
test,tiaosheng1,motion_only,CF2,lms,True,,50.929896763392854,51.39677036830357,20.0,18.571428571428573
train,tiaosheng3,motion_only,CF2,volterra,True,,14.503707885742188,9.782722473144531,20.3125,17.1875
val,tiaosheng2,motion_only,CF2,volterra,True,,5.127224392361111,64.69634331597223,66.66666666666666,15.277777777777779
test,tiaosheng1,motion_only,CF2,volterra,True,,50.929896763392854,48.599741908482144,20.0,17.142857142857142
train,tiaosheng3,motion_only,CF2,rff_lms,True,,14.503707885742188,10.063430786132812,20.3125,25.0
val,tiaosheng2,motion_only,CF2,rff_lms,True,,5.127224392361111,3.060885959201389,66.66666666666666,80.55555555555556
test,tiaosheng1,motion_only,CF2,rff_lms,True,,50.929896763392854,54.487374441964285,20.0,18.571428571428573
train,tiaosheng3,motion_only,HF2_CF2,lms,True,,14.503707885742188,8.181480407714844,20.3125,35.9375
val,tiaosheng2,motion_only,HF2_CF2,lms,True,,5.127224392361111,8.4752197265625,66.66666666666666,52.77777777777778
test,tiaosheng1,motion_only,HF2_CF2,lms,True,,50.929896763392854,53.323214285714286,20.0,15.714285714285714
train,tiaosheng3,motion_only,HF2_CF2,volterra,True,,14.503707885742188,8.858299255371094,20.3125,29.6875
val,tiaosheng2,motion_only,HF2_CF2,volterra,True,,5.127224392361111,66.27562798394098,66.66666666666666,15.277777777777779
test,tiaosheng1,motion_only,HF2_CF2,volterra,True,,50.929896763392854,50.68096400669643,20.0,5.714285714285714
train,tiaosheng3,motion_only,HF2_CF2,rff_lms,True,,14.503707885742188,11.379501342773438,20.3125,28.125
val,tiaosheng2,motion_only,HF2_CF2,rff_lms,True,,5.127224392361111,3.091403537326389,66.66666666666666,79.16666666666666
test,tiaosheng1,motion_only,HF2_CF2,rff_lms,True,,50.929896763392854,48.97328404017857,20.0,18.571428571428573
train,tiaosheng3,motion_only,CF2_HF2,lms,True,,14.503707885742188,9.160324096679688,20.3125,29.6875
val,tiaosheng2,motion_only,CF2_HF2,lms,True,,5.127224392361111,26.444322374131943,66.66666666666666,58.333333333333336
test,tiaosheng1,motion_only,CF2_HF2,lms,True,,50.929896763392854,49.386446707589286,20.0,15.714285714285714
train,tiaosheng3,motion_only,CF2_HF2,volterra,True,,14.503707885742188,69.03081512451172,20.3125,10.9375
val,tiaosheng2,motion_only,CF2_HF2,volterra,True,,5.127224392361111,70.29003228081598,66.66666666666666,9.722222222222223
test,tiaosheng1,motion_only,CF2_HF2,volterra,True,,50.929896763392854,55.1251953125,20.0,10.0
train,tiaosheng3,motion_only,CF2_HF2,rff_lms,True,,14.503707885742188,11.379501342773438,20.3125,28.125
val,tiaosheng2,motion_only,CF2_HF2,rff_lms,True,,5.127224392361111,3.091403537326389,66.66666666666666,79.16666666666666
test,tiaosheng1,motion_only,CF2_HF2,rff_lms,True,,50.929896763392854,46.315638950892854,20.0,18.571428571428573
train,tiaosheng3,motion_only,ACC3_HF2,lms,True,,14.503707885742188,67.48552703857422,20.3125,4.6875
val,tiaosheng2,motion_only,ACC3_HF2,lms,True,,5.127224392361111,10.779127332899305,66.66666666666666,59.72222222222222
test,tiaosheng1,motion_only,ACC3_HF2,lms,True,,50.929896763392854,52.84303152901786,20.0,10.0
train,tiaosheng3,motion_only,ACC3_HF2,volterra,True,,14.503707885742188,65.99526977539062,20.3125,3.125
val,tiaosheng2,motion_only,ACC3_HF2,volterra,True,,5.127224392361111,67.18995496961806,66.66666666666666,9.722222222222223
test,tiaosheng1,motion_only,ACC3_HF2,volterra,True,,50.929896763392854,12.023416573660715,20.0,20.0
train,tiaosheng3,motion_only,ACC3_HF2,rff_lms,True,,14.503707885742188,10.292312622070312,20.3125,20.3125
val,tiaosheng2,motion_only,ACC3_HF2,rff_lms,True,,5.127224392361111,3.0100233289930554,66.66666666666666,80.55555555555556
test,tiaosheng1,motion_only,ACC3_HF2,rff_lms,True,,50.929896763392854,50.77294921875,20.0,18.571428571428573
train,tiaosheng3,motion_only,HF2_ACC3,lms,True,,14.503707885742188,8.977378845214844,20.3125,29.6875
val,tiaosheng2,motion_only,HF2_ACC3,lms,True,,5.127224392361111,8.431816948784721,66.66666666666666,58.333333333333336
test,tiaosheng1,motion_only,HF2_ACC3,lms,True,,50.929896763392854,52.747467912946426,20.0,10.0
train,tiaosheng3,motion_only,HF2_ACC3,volterra,True,,14.503707885742188,59.869483947753906,20.3125,7.8125
val,tiaosheng2,motion_only,HF2_ACC3,volterra,True,,5.127224392361111,67.75582546657986,66.66666666666666,9.722222222222223
test,tiaosheng1,motion_only,HF2_ACC3,volterra,True,,50.929896763392854,13.796923828125,20.0,27.142857142857142
train,tiaosheng3,motion_only,HF2_ACC3,rff_lms,True,,14.503707885742188,10.303756713867188,20.3125,20.3125
val,tiaosheng2,motion_only,HF2_ACC3,rff_lms,True,,5.127224392361111,3.0803087022569446,66.66666666666666,79.16666666666666
test,tiaosheng1,motion_only,HF2_ACC3,rff_lms,True,,50.929896763392854,50.762486049107146,20.0,18.571428571428573
train,tiaosheng3,motion_recovery,ACC3,lms,True,,10.985498715753424,54.43549670911815,27.397260273972602,16.43835616438356
val,tiaosheng2,motion_recovery,ACC3,lms,True,,5.391959635416667,4.339567057291666,57.333333333333336,66.0
test,tiaosheng1,motion_recovery,ACC3,lms,True,,44.25849156663907,46.13112130070364,23.841059602649008,13.90728476821192
train,tiaosheng3,motion_recovery,ACC3,volterra,True,,10.985498715753424,8.149300353167808,27.397260273972602,36.986301369863014
val,tiaosheng2,motion_recovery,ACC3,volterra,True,,5.391959635416667,49.0966796875,57.333333333333336,16.666666666666664
test,tiaosheng1,motion_recovery,ACC3,volterra,True,,44.25849156663907,27.042457833195364,23.841059602649008,19.867549668874172
train,tiaosheng3,motion_recovery,ACC3,rff_lms,True,,10.985498715753424,9.011926102311644,27.397260273972602,30.136986301369863
val,tiaosheng2,motion_recovery,ACC3,rff_lms,True,,5.391959635416667,4.343115234375,57.333333333333336,62.66666666666667
test,tiaosheng1,motion_recovery,ACC3,rff_lms,True,,44.25849156663907,44.0965341732202,23.841059602649008,21.192052980132452
train,tiaosheng3,motion_recovery,HF2,lms,True,,10.985498715753424,8.899327108304794,27.397260273972602,32.19178082191781
val,tiaosheng2,motion_recovery,HF2,lms,True,,5.391959635416667,8.392659505208334,57.333333333333336,50.66666666666667
test,tiaosheng1,motion_recovery,HF2,lms,True,,44.25849156663907,33.086202659354306,23.841059602649008,21.192052980132452
train,tiaosheng3,motion_recovery,HF2,volterra,True,,10.985498715753424,8.786089335402398,27.397260273972602,32.87671232876712
val,tiaosheng2,motion_recovery,HF2,volterra,True,,5.391959635416667,7.970810546875,57.333333333333336,49.333333333333336
test,tiaosheng1,motion_recovery,HF2,volterra,True,,44.25849156663907,26.369085652938743,23.841059602649008,21.85430463576159
train,tiaosheng3,motion_recovery,HF2,rff_lms,True,,10.985498715753424,9.432807817851028,27.397260273972602,31.506849315068493
val,tiaosheng2,motion_recovery,HF2,rff_lms,True,,5.391959635416667,4.262692057291667,57.333333333333336,64.0
test,tiaosheng1,motion_recovery,HF2,rff_lms,True,,44.25849156663907,29.57275390625,23.841059602649008,22.516556291390728
train,tiaosheng3,motion_recovery,CF2,lms,True,,10.985498715753424,8.684737532106164,27.397260273972602,30.82191780821918
val,tiaosheng2,motion_recovery,CF2,lms,True,,5.391959635416667,32.89155598958333,57.333333333333336,37.333333333333336
test,tiaosheng1,motion_recovery,CF2,lms,True,,44.25849156663907,40.463142849751655,23.841059602649008,22.516556291390728
train,tiaosheng3,motion_recovery,CF2,volterra,True,,10.985498715753424,8.799831442636986,27.397260273972602,27.397260273972602
val,tiaosheng2,motion_recovery,CF2,volterra,True,,5.391959635416667,51.58564778645833,57.333333333333336,14.666666666666666
test,tiaosheng1,motion_recovery,CF2,volterra,True,,44.25849156663907,34.594134804428805,23.841059602649008,22.516556291390728
train,tiaosheng3,motion_recovery,CF2,rff_lms,True,,10.985498715753424,8.856411868578768,27.397260273972602,30.82191780821918
val,tiaosheng2,motion_recovery,CF2,rff_lms,True,,5.391959635416667,4.171201171875,57.333333333333336,64.0
test,tiaosheng1,motion_recovery,CF2,rff_lms,True,,44.25849156663907,44.273576546978475,23.841059602649008,22.516556291390728
train,tiaosheng3,motion_recovery,HF2_CF2,lms,True,,10.985498715753424,8.022942529965754,27.397260273972602,34.93150684931507
val,tiaosheng2,motion_recovery,HF2_CF2,lms,True,,5.391959635416667,7.697796223958333,57.333333333333336,50.0
test,tiaosheng1,motion_recovery,HF2_CF2,lms,True,,44.25849156663907,35.13740105028973,23.841059602649008,21.192052980132452
train,tiaosheng3,motion_recovery,HF2_CF2,volterra,True,,10.985498715753424,8.787965539383562,27.397260273972602,27.397260273972602
val,tiaosheng2,motion_recovery,HF2_CF2,volterra,True,,5.391959635416667,44.7583984375,57.333333333333336,22.666666666666664
test,tiaosheng1,motion_recovery,HF2_CF2,volterra,True,,44.25849156663907,32.87686905008278,23.841059602649008,17.218543046357617
train,tiaosheng3,motion_recovery,HF2_CF2,rff_lms,True,,10.985498715753424,9.475448817422945,27.397260273972602,31.506849315068493
val,tiaosheng2,motion_recovery,HF2_CF2,rff_lms,True,,5.391959635416667,4.255367838541667,57.333333333333336,64.0
test,tiaosheng1,motion_recovery,HF2_CF2,rff_lms,True,,44.25849156663907,30.909060042425498,23.841059602649008,22.516556291390728
train,tiaosheng3,motion_recovery,CF2_HF2,lms,True,,10.985498715753424,8.305289490582192,27.397260273972602,32.87671232876712
val,tiaosheng2,motion_recovery,CF2_HF2,lms,True,,5.391959635416667,24.775113932291667,57.333333333333336,44.666666666666664
test,tiaosheng1,motion_recovery,CF2_HF2,lms,True,,44.25849156663907,33.24935326986755,23.841059602649008,21.192052980132452
train,tiaosheng3,motion_recovery,CF2_HF2,volterra,True,,10.985498715753424,47.937192315924655,27.397260273972602,17.123287671232877
val,tiaosheng2,motion_recovery,CF2_HF2,volterra,True,,5.391959635416667,46.88306640625,57.333333333333336,17.333333333333336
test,tiaosheng1,motion_recovery,CF2_HF2,volterra,True,,44.25849156663907,34.877690397350996,23.841059602649008,19.205298013245034
train,tiaosheng3,motion_recovery,CF2_HF2,rff_lms,True,,10.985498715753424,9.470432229238014,27.397260273972602,31.506849315068493
val,tiaosheng2,motion_recovery,CF2_HF2,rff_lms,True,,5.391959635416667,4.248043619791667,57.333333333333336,64.0
test,tiaosheng1,motion_recovery,CF2_HF2,rff_lms,True,,44.25849156663907,29.667338188120862,23.841059602649008,22.516556291390728
train,tiaosheng3,motion_recovery,ACC3_HF2,lms,True,,10.985498715753424,57.69377073523116,27.397260273972602,15.753424657534246
val,tiaosheng2,motion_recovery,ACC3_HF2,lms,True,,5.391959635416667,9.733870442708334,57.333333333333336,50.0
test,tiaosheng1,motion_recovery,ACC3_HF2,lms,True,,44.25849156663907,37.12322149213576,23.841059602649008,15.2317880794702
train,tiaosheng3,motion_recovery,ACC3_HF2,volterra,True,,10.985498715753424,61.10353234696062,27.397260273972602,5.47945205479452
val,tiaosheng2,motion_recovery,ACC3_HF2,volterra,True,,5.391959635416667,53.35219401041667,57.333333333333336,12.666666666666668
test,tiaosheng1,motion_recovery,ACC3_HF2,volterra,True,,44.25849156663907,21.742281275869207,23.841059602649008,18.543046357615893
train,tiaosheng3,motion_recovery,ACC3_HF2,rff_lms,True,,10.985498715753424,9.009417808219178,27.397260273972602,30.136986301369863
val,tiaosheng2,motion_recovery,ACC3_HF2,rff_lms,True,,5.391959635416667,4.3768522135416665,57.333333333333336,62.0
test,tiaosheng1,motion_recovery,ACC3_HF2,rff_lms,True,,44.25849156663907,44.18869321709437,23.841059602649008,21.192052980132452
train,tiaosheng3,motion_recovery,HF2_ACC3,lms,True,,10.985498715753424,8.128524989297945,27.397260273972602,32.19178082191781
val,tiaosheng2,motion_recovery,HF2_ACC3,lms,True,,5.391959635416667,8.551009114583334,57.333333333333336,52.0
test,tiaosheng1,motion_recovery,HF2_ACC3,lms,True,,44.25849156663907,37.80891711506622,23.841059602649008,13.90728476821192
train,tiaosheng3,motion_recovery,HF2_ACC3,volterra,True,,10.985498715753424,58.598853542380134,27.397260273972602,10.273972602739725
val,tiaosheng2,motion_recovery,HF2_ACC3,volterra,True,,5.391959635416667,53.55056966145833,57.333333333333336,14.000000000000002
test,tiaosheng1,motion_recovery,HF2_ACC3,volterra,True,,44.25849156663907,23.084650507036425,23.841059602649008,23.178807947019866
train,tiaosheng3,motion_recovery,HF2_ACC3,rff_lms,True,,10.985498715753424,9.006909514126713,27.397260273972602,30.136986301369863
val,tiaosheng2,motion_recovery,HF2_ACC3,rff_lms,True,,5.391959635416667,4.347998046875,57.333333333333336,62.66666666666667
test,tiaosheng1,motion_recovery,HF2_ACC3,rff_lms,True,,44.25849156663907,44.08683322123344,23.841059602649008,21.192052980132452
train,tiaosheng3,motion_post10,ACC3,lms,True,,13.769966744087839,70.14044024493244,17.56756756756757,4.054054054054054
val,tiaosheng2,motion_post10,ACC3,lms,True,,5.216606326219512,3.569865901295732,64.63414634146342,75.60975609756098
test,tiaosheng1,motion_post10,ACC3,lms,True,,55.95289306640625,58.35579833984375,17.5,8.75
train,tiaosheng3,motion_post10,ACC3,volterra,True,,13.769966744087839,8.66775100295608,17.56756756756757,28.37837837837838
val,tiaosheng2,motion_post10,ACC3,volterra,True,,5.216606326219512,70.94157298018293,64.63414634146342,8.536585365853659
test,tiaosheng1,motion_post10,ACC3,volterra,True,,55.95289306640625,21.39439697265625,17.5,18.75
train,tiaosheng3,motion_post10,ACC3,rff_lms,True,,13.769966744087839,10.11035816089527,17.56756756756757,18.91891891891892
val,tiaosheng2,motion_post10,ACC3,rff_lms,True,,5.216606326219512,3.3857421875,64.63414634146342,75.60975609756098
test,tiaosheng1,motion_post10,ACC3,rff_lms,True,,55.95289306640625,55.43104248046875,17.5,16.25
train,tiaosheng3,motion_post10,HF2,lms,True,,13.769966744087839,10.164794921875,17.56756756756757,24.324324324324326
val,tiaosheng2,motion_post10,HF2,lms,True,,5.216606326219512,10.948069502667684,64.63414634146342,50.0
test,tiaosheng1,motion_post10,HF2,lms,True,,55.95289306640625,54.6675048828125,17.5,13.750000000000002
train,tiaosheng3,motion_post10,HF2,volterra,True,,13.769966744087839,9.90426388302365,17.56756756756757,27.027027027027028
val,tiaosheng2,motion_post10,HF2,volterra,True,,5.216606326219512,9.928532298018293,64.63414634146342,52.4390243902439
test,tiaosheng1,motion_post10,HF2,volterra,True,,55.95289306640625,41.506597900390624,17.5,15.0
train,tiaosheng3,motion_post10,HF2,rff_lms,True,,13.769966744087839,11.08279666385135,17.56756756756757,22.972972972972975
val,tiaosheng2,motion_post10,HF2,rff_lms,True,,5.216606326219512,3.4088819550304876,64.63414634146342,75.60975609756098
test,tiaosheng1,motion_post10,HF2,rff_lms,True,,55.95289306640625,48.42039184570312,17.5,16.25
train,tiaosheng3,motion_post10,CF2,lms,True,,13.769966744087839,9.509363122888514,17.56756756756757,20.27027027027027
val,tiaosheng2,motion_post10,CF2,lms,True,,5.216606326219512,32.9310272961128,64.63414634146342,50.0
test,tiaosheng1,motion_post10,CF2,lms,True,,55.95289306640625,55.90364379882813,17.5,16.25
train,tiaosheng3,motion_post10,CF2,volterra,True,,13.769966744087839,9.721593908361486,17.56756756756757,13.513513513513514
val,tiaosheng2,motion_post10,CF2,volterra,True,,5.216606326219512,67.9872391863567,64.63414634146342,13.414634146341465
test,tiaosheng1,motion_post10,CF2,volterra,True,,55.95289306640625,54.07193603515625,17.5,15.0
train,tiaosheng3,motion_post10,CF2,rff_lms,True,,13.769966744087839,9.966843063766891,17.56756756756757,20.27027027027027
val,tiaosheng2,motion_post10,CF2,rff_lms,True,,5.216606326219512,3.3820860327743905,64.63414634146342,76.82926829268293
test,tiaosheng1,motion_post10,CF2,rff_lms,True,,55.95289306640625,56.1314208984375,17.5,16.25
train,tiaosheng3,motion_post10,HF2_CF2,lms,True,,13.769966744087839,8.319415118243244,17.56756756756757,29.72972972972973
val,tiaosheng2,motion_post10,HF2_CF2,lms,True,,5.216606326219512,9.692609089176829,64.63414634146342,46.34146341463415
test,tiaosheng1,motion_post10,HF2_CF2,lms,True,,55.95289306640625,56.3533203125,17.5,13.750000000000002
train,tiaosheng3,motion_post10,HF2_CF2,volterra,True,,13.769966744087839,8.899823163006756,17.56756756756757,24.324324324324326
val,tiaosheng2,motion_post10,HF2_CF2,volterra,True,,5.216606326219512,68.54772056021342,64.63414634146342,13.414634146341465
test,tiaosheng1,motion_post10,HF2_CF2,volterra,True,,55.95289306640625,53.720916748046875,17.5,5.0
train,tiaosheng3,motion_post10,HF2_CF2,rff_lms,True,,13.769966744087839,11.08279666385135,17.56756756756757,22.972972972972975
val,tiaosheng2,motion_post10,HF2_CF2,rff_lms,True,,5.216606326219512,3.4044159679878048,64.63414634146342,75.60975609756098
test,tiaosheng1,motion_post10,HF2_CF2,rff_lms,True,,55.95289306640625,48.21897583007812,17.5,16.25
train,tiaosheng3,motion_post10,CF2_HF2,lms,True,,13.769966744087839,8.89132442989865,17.56756756756757,25.675675675675674
val,tiaosheng2,motion_post10,CF2_HF2,lms,True,,5.216606326219512,33.5828232183689,64.63414634146342,51.21951219512195
test,tiaosheng1,motion_post10,CF2_HF2,lms,True,,55.95289306640625,52.89491577148438,17.5,13.750000000000002
train,tiaosheng3,motion_post10,CF2_HF2,volterra,True,,13.769966744087839,73.52323294974663,17.56756756756757,9.45945945945946
val,tiaosheng2,motion_post10,CF2_HF2,volterra,True,,5.216606326219512,72.22440691692073,64.63414634146342,8.536585365853659
test,tiaosheng1,motion_post10,CF2_HF2,volterra,True,,55.95289306640625,57.44482421875,17.5,8.75
train,tiaosheng3,motion_post10,CF2_HF2,rff_lms,True,,13.769966744087839,11.08279666385135,17.56756756756757,22.972972972972975
val,tiaosheng2,motion_post10,CF2_HF2,rff_lms,True,,5.216606326219512,3.417813929115854,64.63414634146342,75.60975609756098
test,tiaosheng1,motion_post10,CF2_HF2,rff_lms,True,,55.95289306640625,50.53983764648437,17.5,16.25
train,tiaosheng3,motion_post10,ACC3_HF2,lms,True,,13.769966744087839,72.09768924197635,17.56756756756757,4.054054054054054
val,tiaosheng2,motion_post10,ACC3_HF2,lms,True,,5.216606326219512,13.187095083841463,64.63414634146342,52.4390243902439
test,tiaosheng1,motion_post10,ACC3_HF2,lms,True,,55.95289306640625,57.656640625,17.5,8.75
train,tiaosheng3,motion_post10,ACC3_HF2,volterra,True,,13.769966744087839,70.84593406883445,17.56756756756757,2.7027027027027026
val,tiaosheng2,motion_post10,ACC3_HF2,volterra,True,,5.216606326219512,70.0740341558689,64.63414634146342,8.536585365853659
test,tiaosheng1,motion_post10,ACC3_HF2,volterra,True,,55.95289306640625,20.6028076171875,17.5,17.5
train,tiaosheng3,motion_post10,ACC3_HF2,rff_lms,True,,13.769966744087839,10.095511771537161,17.56756756756757,18.91891891891892
val,tiaosheng2,motion_post10,ACC3_HF2,rff_lms,True,,5.216606326219512,3.3463581364329267,64.63414634146342,76.82926829268293
test,tiaosheng1,motion_post10,ACC3_HF2,rff_lms,True,,55.95289306640625,55.64619140625,17.5,16.25
train,tiaosheng3,motion_post10,HF2_ACC3,lms,True,,13.769966744087839,8.611855996621621,17.56756756756757,25.675675675675674
val,tiaosheng2,motion_post10,HF2_ACC3,lms,True,,5.216606326219512,11.24215772675305,64.63414634146342,51.21951219512195
test,tiaosheng1,motion_post10,HF2_ACC3,lms,True,,55.95289306640625,57.56844482421875,17.5,8.75
train,tiaosheng3,motion_post10,HF2_ACC3,volterra,True,,13.769966744087839,65.44155801309121,17.56756756756757,6.756756756756757
val,tiaosheng2,motion_post10,HF2_ACC3,volterra,True,,5.216606326219512,70.2180830792683,64.63414634146342,8.536585365853659
test,tiaosheng1,motion_post10,HF2_ACC3,volterra,True,,55.95289306640625,23.06099853515625,17.5,23.75
train,tiaosheng3,motion_post10,HF2_ACC3,rff_lms,True,,13.769966744087839,10.095511771537161,17.56756756756757,18.91891891891892
val,tiaosheng2,motion_post10,HF2_ACC3,rff_lms,True,,5.216606326219512,3.403606135670732,64.63414634146342,75.60975609756098
test,tiaosheng1,motion_post10,HF2_ACC3,rff_lms,True,,55.95289306640625,55.44019775390625,17.5,16.25
